Iris class, SL Min, SL Max, SL Mean, SW Min, SW Max, SW Mean, PL Min, PL Max, PL Mean, PW Min, PW Max, PW Mean
Iris-setosa, 4.3, 5.8, 5.006, 2.3, 4.4, 3.418, 1.0, 1.9, 1.464, 0.1, 0.6, 0.244
Iris-versicolor, 4.9, 7.0, 5.936, 2.0, 3.4, 2.7700000000000005, 3.0, 5.1, 4.26, 1.0, 1.8, 1.3259999999999998
Iris-virginica, 4.9, 7.9, 6.587999999999998, 2.2, 3.8, 2.974, 4.5, 6.9, 5.5520000000000005, 1.4, 2.5, 2.0260000000000002
